{
    "restartPoint": {},
    "restartBot": {},
    "userAgent": {},
    "keyCommand": "",
    "namecreator": "ZULKIFLI MOKOAGOW",
    "autoAdd": false,
    "autoJoin": false,
    "autoReject": false,
    "autoLeave": true,
    "autoRead": false,
    "server": {},
    "changePicture": false,
    "changeGroupPicture": false,
    "autoJoinTicket": false,
    "Img": {},
    "Images": {},
    "Addimage": false,
    "ZULKIFLIAdmin": {},
    "ZULKIFLIGfoto": {},
    "ZULKIFLISDadmin": false,
    "ZULKIFLISDstaff": false,
    "ZULKIFLISadmin": false,
    "ZULKIFLISstaff": false,
    "ZULKIFLIStaff": {},
    "ZULKIFLIautojoin": true,
    "ZULKIFLIautoread": false,
    "ZULKIFLIautoscan": false,
    "ZULKIFLIblacklist": {},
    "ZULKIFLIdblacklist": false,
    "ZULKIFLIfoto": {},
    "ZULKIFLIgreet": {},
    "ZULKIFLIlimit": 1,
    "ZULKIFLImessage": "Hallo...",
    "ZULKIFLImessage1": "ADD ME http://line.me/ti/p/~zul.1.01",
    "ZULKIFLIprotcancel": {},
    "ZULKIFLIprotinvite": {},
    "ZULKIFLIprotkick": {},
    "ZULKIFLIprotqr": {},
    "ZULKIFLIreadMember": {},
    "ZULKIFLIreadPoint": {},
    "ZULKIFLIwblacklist": false
}
