{
    "restartPoint": {},
    "restartBot": {},
    "userAgent": {},
    "keyCommand": "",
    "namecreator": "TEAM TERMUX",
    "autoAdd": false,
    "autoJoin": false,
    "autoReject": false,
    "autoLeave": true,
    "autoRead": false,
    "server": {},
    "changePicture": false,
    "changeGroupPicture": false,
    "autoJoinTicket": true,
    "Img": {},
    "Images": {},
    "Addimage": false,
    "TEAM TERMUXAdmin": {},
    "TEAM TERMUXGfoto": {},
    "TEAM TERMUXSDadmin": false,
    "TEAM TERMUXSDstaff": false,
    "TEAM TERMUXSadmin": false,
    "TEAM TERMUXSstaff": false,
    "TEAM TERMUXStaff": {},
    "TEAM TERMUXautojoin": true,
    "TEAM TERMUXautoread": false,
    "TEAM TERMUXautoscan": false,
    "TEAM TERMUXblacklist": {},
    "TEAM TERMUXdblacklist": false,
    "TEAM TERMUXfoto": {},
    "TEAM TERMUXgreet": {},
    "TEAM TERMUXlimit": 1,
    "TEAM TERMUXmessage": "Hallo...",
    "TEAM TERMUXmessage1": "Creator http://line.me/ti/p/~zul.1.01",
    "TEAM TERMUXprotcancel": {},
    "TEAM TERMUXprotinvite": {},
    "TEAM TERMUXprotkick": {},
    "TEAM TERMUXprotqr": {},
    "TEAM TERMUXreadMember": {},
    "TEAM TERMUXreadPoint": {},
    "TEAM TERMUXwblacklist": false
}
